iter	Precision_SumError	Precision_SumWeight	Recall_SumError	Recall_SumWeight	F1_TP	F1_TP+FP	F1_TP+FN	Accuracy_SumError	Accuracy_SumWeight
0	0	0	0	1136	0	0	1136	10540	11676
1	0	0	0	1136	0	0	1136	10540	11676
2	0	0	0	1136	0	0	1136	10540	11676
3	0	0	0	1136	0	0	1136	10540	11676
4	0	0	0	1136	0	0	1136	10540	11676
5	0	0	0	1136	0	0	1136	10540	11676
6	0	0	0	1136	0	0	1136	10540	11676
7	0	0	0	1136	0	0	1136	10540	11676
8	0	0	0	1136	0	0	1136	10540	11676
9	0	0	0	1136	0	0	1136	10540	11676
10	0	0	0	1136	0	0	1136	10540	11676
11	0	0	0	1136	0	0	1136	10540	11676
12	0	0	0	1136	0	0	1136	10540	11676
13	0	0	0	1136	0	0	1136	10540	11676
14	0	0	0	1136	0	0	1136	10540	11676
15	0	0	0	1136	0	0	1136	10540	11676
16	0	0	0	1136	0	0	1136	10540	11676
17	0	0	0	1136	0	0	1136	10540	11676
18	0	0	0	1136	0	0	1136	10540	11676
19	0	0	0	1136	0	0	1136	10540	11676
20	0	0	0	1136	0	0	1136	10540	11676
21	0	0	0	1136	0	0	1136	10540	11676
22	0	0	0	1136	0	0	1136	10540	11676
23	0	0	0	1136	0	0	1136	10540	11676
24	0	0	0	1136	0	0	1136	10540	11676
25	0	0	0	1136	0	0	1136	10540	11676
26	0	0	0	1136	0	0	1136	10540	11676
27	0	0	0	1136	0	0	1136	10540	11676
28	0	0	0	1136	0	0	1136	10540	11676
29	0	0	0	1136	0	0	1136	10540	11676
30	0	0	0	1136	0	0	1136	10540	11676
31	0	0	0	1136	0	0	1136	10540	11676
32	0	0	0	1136	0	0	1136	10540	11676
33	0	0	0	1136	0	0	1136	10540	11676
34	0	0	0	1136	0	0	1136	10540	11676
35	0	0	0	1136	0	0	1136	10540	11676
36	0	0	0	1136	0	0	1136	10540	11676
37	0	0	0	1136	0	0	1136	10540	11676
38	0	0	0	1136	0	0	1136	10540	11676
39	0	0	0	1136	0	0	1136	10540	11676
40	0	0	0	1136	0	0	1136	10540	11676
41	0	0	0	1136	0	0	1136	10540	11676
42	0	0	0	1136	0	0	1136	10540	11676
43	0	0	0	1136	0	0	1136	10540	11676
44	0	0	0	1136	0	0	1136	10540	11676
45	0	0	0	1136	0	0	1136	10540	11676
46	0	0	0	1136	0	0	1136	10540	11676
47	0	0	0	1136	0	0	1136	10540	11676
48	0	0	0	1136	0	0	1136	10540	11676
49	0	0	0	1136	0	0	1136	10540	11676
50	0	0	0	1136	0	0	1136	10540	11676
51	0	0	0	1136	0	0	1136	10540	11676
52	0	0	0	1136	0	0	1136	10540	11676
53	0	0	0	1136	0	0	1136	10540	11676
54	0	0	0	1136	0	0	1136	10540	11676
55	0	0	0	1136	0	0	1136	10540	11676
56	0	0	0	1136	0	0	1136	10540	11676
57	0	0	0	1136	0	0	1136	10540	11676
58	0	0	0	1136	0	0	1136	10540	11676
59	0	0	0	1136	0	0	1136	10540	11676
60	0	0	0	1136	0	0	1136	10540	11676
61	0	0	0	1136	0	0	1136	10540	11676
62	0	0	0	1136	0	0	1136	10540	11676
63	0	0	0	1136	0	0	1136	10540	11676
64	0	0	0	1136	0	0	1136	10540	11676
65	0	0	0	1136	0	0	1136	10540	11676
66	0	0	0	1136	0	0	1136	10540	11676
67	0	0	0	1136	0	0	1136	10540	11676
68	0	0	0	1136	0	0	1136	10540	11676
69	0	0	0	1136	0	0	1136	10540	11676
70	0	0	0	1136	0	0	1136	10540	11676
71	0	0	0	1136	0	0	1136	10540	11676
72	0	0	0	1136	0	0	1136	10540	11676
73	0	0	0	1136	0	0	1136	10540	11676
74	0	0	0	1136	0	0	1136	10540	11676
75	0	0	0	1136	0	0	1136	10540	11676
76	0	0	0	1136	0	0	1136	10540	11676
77	0	0	0	1136	0	0	1136	10540	11676
78	0	0	0	1136	0	0	1136	10540	11676
79	0	0	0	1136	0	0	1136	10540	11676
80	0	0	0	1136	0	0	1136	10540	11676
81	0	0	0	1136	0	0	1136	10540	11676
82	0	0	0	1136	0	0	1136	10540	11676
83	0	0	0	1136	0	0	1136	10540	11676
84	0	0	0	1136	0	0	1136	10540	11676
85	0	0	0	1136	0	0	1136	10540	11676
86	0	0	0	1136	0	0	1136	10540	11676
87	0	0	0	1136	0	0	1136	10540	11676
88	0	0	0	1136	0	0	1136	10540	11676
89	0	0	0	1136	0	0	1136	10540	11676
90	0	0	0	1136	0	0	1136	10540	11676
91	0	0	0	1136	0	0	1136	10540	11676
92	0	0	0	1136	0	0	1136	10540	11676
93	0	0	0	1136	0	0	1136	10540	11676
94	0	0	0	1136	0	0	1136	10540	11676
95	0	0	0	1136	0	0	1136	10540	11676
96	0	0	0	1136	0	0	1136	10540	11676
97	0	0	0	1136	0	0	1136	10540	11676
98	0	0	0	1136	0	0	1136	10540	11676
99	0	0	0	1136	0	0	1136	10540	11676
100	0	0	0	1136	0	0	1136	10540	11676
101	0	0	0	1136	0	0	1136	10540	11676
102	0	0	0	1136	0	0	1136	10540	11676
103	0	0	0	1136	0	0	1136	10540	11676
104	0	0	0	1136	0	0	1136	10540	11676
105	0	0	0	1136	0	0	1136	10540	11676
106	0	0	0	1136	0	0	1136	10540	11676
107	0	0	0	1136	0	0	1136	10540	11676
108	0	0	0	1136	0	0	1136	10540	11676
109	0	0	0	1136	0	0	1136	10540	11676
110	0	0	0	1136	0	0	1136	10540	11676
111	0	0	0	1136	0	0	1136	10540	11676
112	0	0	0	1136	0	0	1136	10540	11676
113	0	0	0	1136	0	0	1136	10540	11676
114	0	0	0	1136	0	0	1136	10540	11676
115	0	0	0	1136	0	0	1136	10540	11676
116	0	0	0	1136	0	0	1136	10540	11676
117	0	0	0	1136	0	0	1136	10540	11676
118	0	0	0	1136	0	0	1136	10540	11676
119	0	0	0	1136	0	0	1136	10540	11676
120	0	0	0	1136	0	0	1136	10540	11676
121	0	0	0	1136	0	0	1136	10540	11676
122	0	0	0	1136	0	0	1136	10540	11676
123	0	0	0	1136	0	0	1136	10540	11676
124	0	0	0	1136	0	0	1136	10540	11676
125	0	0	0	1136	0	0	1136	10540	11676
126	0	0	0	1136	0	0	1136	10540	11676
127	0	0	0	1136	0	0	1136	10540	11676
128	0	0	0	1136	0	0	1136	10540	11676
129	0	0	0	1136	0	0	1136	10540	11676
130	0	0	0	1136	0	0	1136	10540	11676
131	0	0	0	1136	0	0	1136	10540	11676
132	0	0	0	1136	0	0	1136	10540	11676
133	0	0	0	1136	0	0	1136	10540	11676
134	0	0	0	1136	0	0	1136	10540	11676
135	0	0	0	1136	0	0	1136	10540	11676
136	0	0	0	1136	0	0	1136	10540	11676
137	0	0	0	1136	0	0	1136	10540	11676
138	0	0	0	1136	0	0	1136	10540	11676
139	0	0	0	1136	0	0	1136	10540	11676
140	0	0	0	1136	0	0	1136	10540	11676
141	0	0	0	1136	0	0	1136	10540	11676
142	0	0	0	1136	0	0	1136	10540	11676
143	0	0	0	1136	0	0	1136	10540	11676
144	0	0	0	1136	0	0	1136	10540	11676
145	0	0	0	1136	0	0	1136	10540	11676
146	0	0	0	1136	0	0	1136	10540	11676
147	0	0	0	1136	0	0	1136	10540	11676
148	0	0	0	1136	0	0	1136	10540	11676
149	0	0	0	1136	0	0	1136	10540	11676
150	0	0	0	1136	0	0	1136	10540	11676
151	0	0	0	1136	0	0	1136	10540	11676
152	0	0	0	1136	0	0	1136	10540	11676
153	0	0	0	1136	0	0	1136	10540	11676
154	0	0	0	1136	0	0	1136	10540	11676
155	0	0	0	1136	0	0	1136	10540	11676
156	0	0	0	1136	0	0	1136	10540	11676
157	0	0	0	1136	0	0	1136	10540	11676
158	1	1	1	1136	1	1	1136	10541	11676
159	1	1	1	1136	1	1	1136	10541	11676
160	1	1	1	1136	1	1	1136	10541	11676
161	1	1	1	1136	1	1	1136	10541	11676
162	1	1	1	1136	1	1	1136	10541	11676
163	3	3	3	1136	3	3	1136	10543	11676
164	3	3	3	1136	3	3	1136	10543	11676
165	3	3	3	1136	3	3	1136	10543	11676
166	3	3	3	1136	3	3	1136	10543	11676
167	3	3	3	1136	3	3	1136	10543	11676
168	3	3	3	1136	3	3	1136	10543	11676
169	3	3	3	1136	3	3	1136	10543	11676
170	3	3	3	1136	3	3	1136	10543	11676
171	3	3	3	1136	3	3	1136	10543	11676
172	3	3	3	1136	3	3	1136	10543	11676
173	3	3	3	1136	3	3	1136	10543	11676
174	4	4	4	1136	4	4	1136	10544	11676
175	4	5	4	1136	4	5	1136	10543	11676
176	4	5	4	1136	4	5	1136	10543	11676
177	5	6	5	1136	5	6	1136	10544	11676
178	5	6	5	1136	5	6	1136	10544	11676
179	6	7	6	1136	6	7	1136	10545	11676
180	6	7	6	1136	6	7	1136	10545	11676
181	6	7	6	1136	6	7	1136	10545	11676
182	6	7	6	1136	6	7	1136	10545	11676
183	7	9	7	1136	7	9	1136	10545	11676
184	7	9	7	1136	7	9	1136	10545	11676
185	7	9	7	1136	7	9	1136	10545	11676
186	7	9	7	1136	7	9	1136	10545	11676
187	7	9	7	1136	7	9	1136	10545	11676
188	7	9	7	1136	7	9	1136	10545	11676
189	7	9	7	1136	7	9	1136	10545	11676
190	7	9	7	1136	7	9	1136	10545	11676
191	6	8	6	1136	6	8	1136	10544	11676
192	6	8	6	1136	6	8	1136	10544	11676
193	7	9	7	1136	7	9	1136	10545	11676
194	7	9	7	1136	7	9	1136	10545	11676
195	7	9	7	1136	7	9	1136	10545	11676
196	7	9	7	1136	7	9	1136	10545	11676
197	7	9	7	1136	7	9	1136	10545	11676
198	7	9	7	1136	7	9	1136	10545	11676
199	7	9	7	1136	7	9	1136	10545	11676
200	7	9	7	1136	7	9	1136	10545	11676
201	7	9	7	1136	7	9	1136	10545	11676
202	7	9	7	1136	7	9	1136	10545	11676
203	9	11	9	1136	9	11	1136	10547	11676
204	8	10	8	1136	8	10	1136	10546	11676
205	8	10	8	1136	8	10	1136	10546	11676
206	8	10	8	1136	8	10	1136	10546	11676
207	8	10	8	1136	8	10	1136	10546	11676
208	10	12	10	1136	10	12	1136	10548	11676
209	10	12	10	1136	10	12	1136	10548	11676
210	10	12	10	1136	10	12	1136	10548	11676
211	10	12	10	1136	10	12	1136	10548	11676
212	13	15	13	1136	13	15	1136	10551	11676
213	13	16	13	1136	13	16	1136	10550	11676
214	13	16	13	1136	13	16	1136	10550	11676
215	14	17	14	1136	14	17	1136	10551	11676
216	14	17	14	1136	14	17	1136	10551	11676
217	15	18	15	1136	15	18	1136	10552	11676
218	15	18	15	1136	15	18	1136	10552	11676
219	15	17	15	1136	15	17	1136	10553	11676
220	15	17	15	1136	15	17	1136	10553	11676
221	15	17	15	1136	15	17	1136	10553	11676
222	15	17	15	1136	15	17	1136	10553	11676
223	15	17	15	1136	15	17	1136	10553	11676
224	15	17	15	1136	15	17	1136	10553	11676
225	15	17	15	1136	15	17	1136	10553	11676
226	15	17	15	1136	15	17	1136	10553	11676
227	15	17	15	1136	15	17	1136	10553	11676
228	15	18	15	1136	15	18	1136	10552	11676
229	15	17	15	1136	15	17	1136	10553	11676
230	15	17	15	1136	15	17	1136	10553	11676
231	15	17	15	1136	15	17	1136	10553	11676
232	16	18	16	1136	16	18	1136	10554	11676
233	16	18	16	1136	16	18	1136	10554	11676
234	16	18	16	1136	16	18	1136	10554	11676
235	18	21	18	1136	18	21	1136	10555	11676
236	18	21	18	1136	18	21	1136	10555	11676
237	17	20	17	1136	17	20	1136	10554	11676
238	17	20	17	1136	17	20	1136	10554	11676
239	18	21	18	1136	18	21	1136	10555	11676
240	18	21	18	1136	18	21	1136	10555	11676
241	18	21	18	1136	18	21	1136	10555	11676
242	18	21	18	1136	18	21	1136	10555	11676
243	18	21	18	1136	18	21	1136	10555	11676
244	19	22	19	1136	19	22	1136	10556	11676
245	19	22	19	1136	19	22	1136	10556	11676
246	19	22	19	1136	19	22	1136	10556	11676
247	19	22	19	1136	19	22	1136	10556	11676
248	19	22	19	1136	19	22	1136	10556	11676
249	20	23	20	1136	20	23	1136	10557	11676
250	20	23	20	1136	20	23	1136	10557	11676
251	20	23	20	1136	20	23	1136	10557	11676
252	20	23	20	1136	20	23	1136	10557	11676
253	20	23	20	1136	20	23	1136	10557	11676
254	20	23	20	1136	20	23	1136	10557	11676
255	22	25	22	1136	22	25	1136	10559	11676
256	23	26	23	1136	23	26	1136	10560	11676
257	23	26	23	1136	23	26	1136	10560	11676
258	23	26	23	1136	23	26	1136	10560	11676
259	23	26	23	1136	23	26	1136	10560	11676
260	24	27	24	1136	24	27	1136	10561	11676
261	24	27	24	1136	24	27	1136	10561	11676
262	24	27	24	1136	24	27	1136	10561	11676
263	27	30	27	1136	27	30	1136	10564	11676
264	28	31	28	1136	28	31	1136	10565	11676
265	27	30	27	1136	27	30	1136	10564	11676
266	27	30	27	1136	27	30	1136	10564	11676
267	29	32	29	1136	29	32	1136	10566	11676
268	29	32	29	1136	29	32	1136	10566	11676
269	30	33	30	1136	30	33	1136	10567	11676
270	30	33	30	1136	30	33	1136	10567	11676
271	30	33	30	1136	30	33	1136	10567	11676
272	30	33	30	1136	30	33	1136	10567	11676
273	30	33	30	1136	30	33	1136	10567	11676
274	30	33	30	1136	30	33	1136	10567	11676
275	30	34	30	1136	30	34	1136	10566	11676
276	30	34	30	1136	30	34	1136	10566	11676
277	30	34	30	1136	30	34	1136	10566	11676
278	30	34	30	1136	30	34	1136	10566	11676
279	32	36	32	1136	32	36	1136	10568	11676
280	32	36	32	1136	32	36	1136	10568	11676
281	32	36	32	1136	32	36	1136	10568	11676
282	32	36	32	1136	32	36	1136	10568	11676
283	32	36	32	1136	32	36	1136	10568	11676
284	32	36	32	1136	32	36	1136	10568	11676
285	31	35	31	1136	31	35	1136	10567	11676
286	31	35	31	1136	31	35	1136	10567	11676
287	33	37	33	1136	33	37	1136	10569	11676
288	32	36	32	1136	32	36	1136	10568	11676
289	32	36	32	1136	32	36	1136	10568	11676
290	34	38	34	1136	34	38	1136	10570	11676
291	34	38	34	1136	34	38	1136	10570	11676
292	34	38	34	1136	34	38	1136	10570	11676
293	34	38	34	1136	34	38	1136	10570	11676
294	35	39	35	1136	35	39	1136	10571	11676
295	35	39	35	1136	35	39	1136	10571	11676
296	35	39	35	1136	35	39	1136	10571	11676
297	35	39	35	1136	35	39	1136	10571	11676
298	35	39	35	1136	35	39	1136	10571	11676
299	35	39	35	1136	35	39	1136	10571	11676
300	38	42	38	1136	38	42	1136	10574	11676
301	38	42	38	1136	38	42	1136	10574	11676
302	38	42	38	1136	38	42	1136	10574	11676
303	38	42	38	1136	38	42	1136	10574	11676
304	38	42	38	1136	38	42	1136	10574	11676
305	38	42	38	1136	38	42	1136	10574	11676
306	39	43	39	1136	39	43	1136	10575	11676
307	42	46	42	1136	42	46	1136	10578	11676
308	41	45	41	1136	41	45	1136	10577	11676
309	41	45	41	1136	41	45	1136	10577	11676
310	42	46	42	1136	42	46	1136	10578	11676
311	41	45	41	1136	41	45	1136	10577	11676
312	42	46	42	1136	42	46	1136	10578	11676
313	41	45	41	1136	41	45	1136	10577	11676
314	41	45	41	1136	41	45	1136	10577	11676
315	41	45	41	1136	41	45	1136	10577	11676
316	41	45	41	1136	41	45	1136	10577	11676
317	41	45	41	1136	41	45	1136	10577	11676
318	41	45	41	1136	41	45	1136	10577	11676
319	41	45	41	1136	41	45	1136	10577	11676
320	41	45	41	1136	41	45	1136	10577	11676
321	49	53	49	1136	49	53	1136	10585	11676
322	50	54	50	1136	50	54	1136	10586	11676
323	50	54	50	1136	50	54	1136	10586	11676
324	50	54	50	1136	50	54	1136	10586	11676
325	51	55	51	1136	51	55	1136	10587	11676
326	51	55	51	1136	51	55	1136	10587	11676
327	51	55	51	1136	51	55	1136	10587	11676
328	52	56	52	1136	52	56	1136	10588	11676
329	52	56	52	1136	52	56	1136	10588	11676
330	52	56	52	1136	52	56	1136	10588	11676
331	52	56	52	1136	52	56	1136	10588	11676
332	52	56	52	1136	52	56	1136	10588	11676
333	52	56	52	1136	52	56	1136	10588	11676
334	52	56	52	1136	52	56	1136	10588	11676
335	54	58	54	1136	54	58	1136	10590	11676
336	54	58	54	1136	54	58	1136	10590	11676
337	55	59	55	1136	55	59	1136	10591	11676
338	56	60	56	1136	56	60	1136	10592	11676
339	56	60	56	1136	56	60	1136	10592	11676
340	56	60	56	1136	56	60	1136	10592	11676
341	56	60	56	1136	56	60	1136	10592	11676
342	56	60	56	1136	56	60	1136	10592	11676
343	57	61	57	1136	57	61	1136	10593	11676
344	57	61	57	1136	57	61	1136	10593	11676
345	57	61	57	1136	57	61	1136	10593	11676
346	59	63	59	1136	59	63	1136	10595	11676
347	60	64	60	1136	60	64	1136	10596	11676
348	60	64	60	1136	60	64	1136	10596	11676
349	62	66	62	1136	62	66	1136	10598	11676
350	62	66	62	1136	62	66	1136	10598	11676
351	61	65	61	1136	61	65	1136	10597	11676
352	62	66	62	1136	62	66	1136	10598	11676
353	62	66	62	1136	62	66	1136	10598	11676
354	62	66	62	1136	62	66	1136	10598	11676
355	61	65	61	1136	61	65	1136	10597	11676
356	64	68	64	1136	64	68	1136	10600	11676
357	64	68	64	1136	64	68	1136	10600	11676
358	64	68	64	1136	64	68	1136	10600	11676
359	65	69	65	1136	65	69	1136	10601	11676
360	65	69	65	1136	65	69	1136	10601	11676
361	65	69	65	1136	65	69	1136	10601	11676
362	65	69	65	1136	65	69	1136	10601	11676
363	65	69	65	1136	65	69	1136	10601	11676
364	65	69	65	1136	65	69	1136	10601	11676
365	65	69	65	1136	65	69	1136	10601	11676
366	65	69	65	1136	65	69	1136	10601	11676
367	66	70	66	1136	66	70	1136	10602	11676
368	66	70	66	1136	66	70	1136	10602	11676
369	66	70	66	1136	66	70	1136	10602	11676
370	67	71	67	1136	67	71	1136	10603	11676
371	67	71	67	1136	67	71	1136	10603	11676
372	67	71	67	1136	67	71	1136	10603	11676
373	66	70	66	1136	66	70	1136	10602	11676
374	66	70	66	1136	66	70	1136	10602	11676
375	67	71	67	1136	67	71	1136	10603	11676
376	69	73	69	1136	69	73	1136	10605	11676
377	69	73	69	1136	69	73	1136	10605	11676
378	71	75	71	1136	71	75	1136	10607	11676
379	71	75	71	1136	71	75	1136	10607	11676
380	70	74	70	1136	70	74	1136	10606	11676
381	71	75	71	1136	71	75	1136	10607	11676
382	71	75	71	1136	71	75	1136	10607	11676
383	71	75	71	1136	71	75	1136	10607	11676
384	71	75	71	1136	71	75	1136	10607	11676
385	73	77	73	1136	73	77	1136	10609	11676
386	73	77	73	1136	73	77	1136	10609	11676
387	74	78	74	1136	74	78	1136	10610	11676
388	73	77	73	1136	73	77	1136	10609	11676
389	75	79	75	1136	75	79	1136	10611	11676
390	75	79	75	1136	75	79	1136	10611	11676
391	76	80	76	1136	76	80	1136	10612	11676
392	76	80	76	1136	76	80	1136	10612	11676
393	77	81	77	1136	77	81	1136	10613	11676
394	78	82	78	1136	78	82	1136	10614	11676
395	78	82	78	1136	78	82	1136	10614	11676
396	78	82	78	1136	78	82	1136	10614	11676
397	78	82	78	1136	78	82	1136	10614	11676
398	78	82	78	1136	78	82	1136	10614	11676
399	78	82	78	1136	78	82	1136	10614	11676
400	79	83	79	1136	79	83	1136	10615	11676
401	80	84	80	1136	80	84	1136	10616	11676
402	81	85	81	1136	81	85	1136	10617	11676
403	80	84	80	1136	80	84	1136	10616	11676
404	81	85	81	1136	81	85	1136	10617	11676
405	82	86	82	1136	82	86	1136	10618	11676
406	82	86	82	1136	82	86	1136	10618	11676
407	82	86	82	1136	82	86	1136	10618	11676
408	82	86	82	1136	82	86	1136	10618	11676
409	82	86	82	1136	82	86	1136	10618	11676
410	84	88	84	1136	84	88	1136	10620	11676
411	86	90	86	1136	86	90	1136	10622	11676
412	87	91	87	1136	87	91	1136	10623	11676
413	87	91	87	1136	87	91	1136	10623	11676
414	87	91	87	1136	87	91	1136	10623	11676
415	87	91	87	1136	87	91	1136	10623	11676
416	87	91	87	1136	87	91	1136	10623	11676
417	87	91	87	1136	87	91	1136	10623	11676
418	87	91	87	1136	87	91	1136	10623	11676
419	87	91	87	1136	87	91	1136	10623	11676
420	89	93	89	1136	89	93	1136	10625	11676
421	89	93	89	1136	89	93	1136	10625	11676
422	89	93	89	1136	89	93	1136	10625	11676
423	89	93	89	1136	89	93	1136	10625	11676
424	89	93	89	1136	89	93	1136	10625	11676
425	90	94	90	1136	90	94	1136	10626	11676
426	90	94	90	1136	90	94	1136	10626	11676
427	93	97	93	1136	93	97	1136	10629	11676
428	92	96	92	1136	92	96	1136	10628	11676
429	92	96	92	1136	92	96	1136	10628	11676
430	92	96	92	1136	92	96	1136	10628	11676
431	92	96	92	1136	92	96	1136	10628	11676
432	93	97	93	1136	93	97	1136	10629	11676
433	93	97	93	1136	93	97	1136	10629	11676
434	93	97	93	1136	93	97	1136	10629	11676
435	91	95	91	1136	91	95	1136	10627	11676
436	92	96	92	1136	92	96	1136	10628	11676
437	93	97	93	1136	93	97	1136	10629	11676
438	95	99	95	1136	95	99	1136	10631	11676
439	95	99	95	1136	95	99	1136	10631	11676
440	96	100	96	1136	96	100	1136	10632	11676
441	98	102	98	1136	98	102	1136	10634	11676
442	97	101	97	1136	97	101	1136	10633	11676
443	98	102	98	1136	98	102	1136	10634	11676
444	99	103	99	1136	99	103	1136	10635	11676
445	101	105	101	1136	101	105	1136	10637	11676
446	101	105	101	1136	101	105	1136	10637	11676
447	101	105	101	1136	101	105	1136	10637	11676
448	103	107	103	1136	103	107	1136	10639	11676
449	103	107	103	1136	103	107	1136	10639	11676
450	105	109	105	1136	105	109	1136	10641	11676
451	106	110	106	1136	106	110	1136	10642	11676
452	106	110	106	1136	106	110	1136	10642	11676
453	106	110	106	1136	106	110	1136	10642	11676
454	106	110	106	1136	106	110	1136	10642	11676
455	106	110	106	1136	106	110	1136	10642	11676
456	107	111	107	1136	107	111	1136	10643	11676
457	107	111	107	1136	107	111	1136	10643	11676
458	108	112	108	1136	108	112	1136	10644	11676
459	109	113	109	1136	109	113	1136	10645	11676
460	109	113	109	1136	109	113	1136	10645	11676
461	109	113	109	1136	109	113	1136	10645	11676
462	110	114	110	1136	110	114	1136	10646	11676
463	112	116	112	1136	112	116	1136	10648	11676
464	114	118	114	1136	114	118	1136	10650	11676
465	114	118	114	1136	114	118	1136	10650	11676
466	114	118	114	1136	114	118	1136	10650	11676
467	114	118	114	1136	114	118	1136	10650	11676
468	114	118	114	1136	114	118	1136	10650	11676
469	114	118	114	1136	114	118	1136	10650	11676
470	114	118	114	1136	114	118	1136	10650	11676
471	114	118	114	1136	114	118	1136	10650	11676
472	114	118	114	1136	114	118	1136	10650	11676
473	113	117	113	1136	113	117	1136	10649	11676
474	115	119	115	1136	115	119	1136	10651	11676
475	115	119	115	1136	115	119	1136	10651	11676
476	116	120	116	1136	116	120	1136	10652	11676
477	116	120	116	1136	116	120	1136	10652	11676
478	116	120	116	1136	116	120	1136	10652	11676
479	117	121	117	1136	117	121	1136	10653	11676
480	117	121	117	1136	117	121	1136	10653	11676
481	117	121	117	1136	117	121	1136	10653	11676
482	117	121	117	1136	117	121	1136	10653	11676
483	116	120	116	1136	116	120	1136	10652	11676
484	116	120	116	1136	116	120	1136	10652	11676
485	116	120	116	1136	116	120	1136	10652	11676
486	118	122	118	1136	118	122	1136	10654	11676
487	117	121	117	1136	117	121	1136	10653	11676
488	118	122	118	1136	118	122	1136	10654	11676
489	118	122	118	1136	118	122	1136	10654	11676
490	118	122	118	1136	118	122	1136	10654	11676
491	118	122	118	1136	118	122	1136	10654	11676
492	118	122	118	1136	118	122	1136	10654	11676
493	119	123	119	1136	119	123	1136	10655	11676
494	119	123	119	1136	119	123	1136	10655	11676
495	119	123	119	1136	119	123	1136	10655	11676
496	119	123	119	1136	119	123	1136	10655	11676
497	122	126	122	1136	122	126	1136	10658	11676
498	122	126	122	1136	122	126	1136	10658	11676
499	122	126	122	1136	122	126	1136	10658	11676
500	126	130	126	1136	126	130	1136	10662	11676
501	127	131	127	1136	127	131	1136	10663	11676
502	127	132	127	1136	127	132	1136	10662	11676
503	128	133	128	1136	128	133	1136	10663	11676
504	127	132	127	1136	127	132	1136	10662	11676
505	127	132	127	1136	127	132	1136	10662	11676
506	126	131	126	1136	126	131	1136	10661	11676
507	127	132	127	1136	127	132	1136	10662	11676
508	127	132	127	1136	127	132	1136	10662	11676
509	129	134	129	1136	129	134	1136	10664	11676
510	130	135	130	1136	130	135	1136	10665	11676
511	132	137	132	1136	132	137	1136	10667	11676
512	132	137	132	1136	132	137	1136	10667	11676
513	132	137	132	1136	132	137	1136	10667	11676
514	133	138	133	1136	133	138	1136	10668	11676
515	133	138	133	1136	133	138	1136	10668	11676
516	135	140	135	1136	135	140	1136	10670	11676
517	135	140	135	1136	135	140	1136	10670	11676
518	135	140	135	1136	135	140	1136	10670	11676
519	134	139	134	1136	134	139	1136	10669	11676
520	135	140	135	1136	135	140	1136	10670	11676
521	135	140	135	1136	135	140	1136	10670	11676
522	136	141	136	1136	136	141	1136	10671	11676
523	137	142	137	1136	137	142	1136	10672	11676
524	138	143	138	1136	138	143	1136	10673	11676
525	145	150	145	1136	145	150	1136	10680	11676
526	145	150	145	1136	145	150	1136	10680	11676
527	145	150	145	1136	145	150	1136	10680	11676
528	145	150	145	1136	145	150	1136	10680	11676
529	146	151	146	1136	146	151	1136	10681	11676
530	145	150	145	1136	145	150	1136	10680	11676
531	147	152	147	1136	147	152	1136	10682	11676
532	147	152	147	1136	147	152	1136	10682	11676
533	147	152	147	1136	147	152	1136	10682	11676
534	147	152	147	1136	147	152	1136	10682	11676
535	147	152	147	1136	147	152	1136	10682	11676
536	147	152	147	1136	147	152	1136	10682	11676
537	148	153	148	1136	148	153	1136	10683	11676
538	148	153	148	1136	148	153	1136	10683	11676
539	148	153	148	1136	148	153	1136	10683	11676
540	148	153	148	1136	148	153	1136	10683	11676
541	149	154	149	1136	149	154	1136	10684	11676
542	149	154	149	1136	149	154	1136	10684	11676
543	149	154	149	1136	149	154	1136	10684	11676
544	149	154	149	1136	149	154	1136	10684	11676
545	150	155	150	1136	150	155	1136	10685	11676
546	150	155	150	1136	150	155	1136	10685	11676
547	150	155	150	1136	150	155	1136	10685	11676
548	149	154	149	1136	149	154	1136	10684	11676
549	149	154	149	1136	149	154	1136	10684	11676
550	149	154	149	1136	149	154	1136	10684	11676
551	149	154	149	1136	149	154	1136	10684	11676
552	150	155	150	1136	150	155	1136	10685	11676
553	150	155	150	1136	150	155	1136	10685	11676
554	150	155	150	1136	150	155	1136	10685	11676
555	152	157	152	1136	152	157	1136	10687	11676
556	152	157	152	1136	152	157	1136	10687	11676
557	153	158	153	1136	153	158	1136	10688	11676
558	153	158	153	1136	153	158	1136	10688	11676
559	153	158	153	1136	153	158	1136	10688	11676
560	153	158	153	1136	153	158	1136	10688	11676
561	153	158	153	1136	153	158	1136	10688	11676
562	153	158	153	1136	153	158	1136	10688	11676
563	153	158	153	1136	153	158	1136	10688	11676
564	153	158	153	1136	153	158	1136	10688	11676
565	153	158	153	1136	153	158	1136	10688	11676
566	153	158	153	1136	153	158	1136	10688	11676
567	153	158	153	1136	153	158	1136	10688	11676
568	154	159	154	1136	154	159	1136	10689	11676
569	154	159	154	1136	154	159	1136	10689	11676
570	154	159	154	1136	154	159	1136	10689	11676
571	155	160	155	1136	155	160	1136	10690	11676
572	155	160	155	1136	155	160	1136	10690	11676
573	155	160	155	1136	155	160	1136	10690	11676
574	155	160	155	1136	155	160	1136	10690	11676
575	155	160	155	1136	155	160	1136	10690	11676
576	155	160	155	1136	155	160	1136	10690	11676
577	155	160	155	1136	155	160	1136	10690	11676
578	156	161	156	1136	156	161	1136	10691	11676
579	157	162	157	1136	157	162	1136	10692	11676
580	157	162	157	1136	157	162	1136	10692	11676
581	158	163	158	1136	158	163	1136	10693	11676
582	157	162	157	1136	157	162	1136	10692	11676
583	157	162	157	1136	157	162	1136	10692	11676
584	157	162	157	1136	157	162	1136	10692	11676
585	157	162	157	1136	157	162	1136	10692	11676
586	157	162	157	1136	157	162	1136	10692	11676
587	157	162	157	1136	157	162	1136	10692	11676
588	158	163	158	1136	158	163	1136	10693	11676
589	158	163	158	1136	158	163	1136	10693	11676
590	159	164	159	1136	159	164	1136	10694	11676
591	159	164	159	1136	159	164	1136	10694	11676
592	159	164	159	1136	159	164	1136	10694	11676
593	159	164	159	1136	159	164	1136	10694	11676
594	159	164	159	1136	159	164	1136	10694	11676
595	160	165	160	1136	160	165	1136	10695	11676
596	160	165	160	1136	160	165	1136	10695	11676
597	160	165	160	1136	160	165	1136	10695	11676
598	160	165	160	1136	160	165	1136	10695	11676
599	162	167	162	1136	162	167	1136	10697	11676
600	162	167	162	1136	162	167	1136	10697	11676
601	162	167	162	1136	162	167	1136	10697	11676
602	162	167	162	1136	162	167	1136	10697	11676
603	162	167	162	1136	162	167	1136	10697	11676
604	162	167	162	1136	162	167	1136	10697	11676
605	162	167	162	1136	162	167	1136	10697	11676
606	162	167	162	1136	162	167	1136	10697	11676
607	163	168	163	1136	163	168	1136	10698	11676
608	163	168	163	1136	163	168	1136	10698	11676
609	164	169	164	1136	164	169	1136	10699	11676
610	164	169	164	1136	164	169	1136	10699	11676
611	164	169	164	1136	164	169	1136	10699	11676
612	164	169	164	1136	164	169	1136	10699	11676
613	166	171	166	1136	166	171	1136	10701	11676
614	166	171	166	1136	166	171	1136	10701	11676
615	167	172	167	1136	167	172	1136	10702	11676
616	169	174	169	1136	169	174	1136	10704	11676
617	170	175	170	1136	170	175	1136	10705	11676
618	170	175	170	1136	170	175	1136	10705	11676
619	172	177	172	1136	172	177	1136	10707	11676
620	173	178	173	1136	173	178	1136	10708	11676
621	174	179	174	1136	174	179	1136	10709	11676
622	176	181	176	1136	176	181	1136	10711	11676
623	176	181	176	1136	176	181	1136	10711	11676
624	177	182	177	1136	177	182	1136	10712	11676
625	177	182	177	1136	177	182	1136	10712	11676
626	177	182	177	1136	177	182	1136	10712	11676
627	176	181	176	1136	176	181	1136	10711	11676
628	176	181	176	1136	176	181	1136	10711	11676
629	178	183	178	1136	178	183	1136	10713	11676
630	177	182	177	1136	177	182	1136	10712	11676
631	179	184	179	1136	179	184	1136	10714	11676
632	178	183	178	1136	178	183	1136	10713	11676
633	179	184	179	1136	179	184	1136	10714	11676
634	179	184	179	1136	179	184	1136	10714	11676
635	179	184	179	1136	179	184	1136	10714	11676
636	180	185	180	1136	180	185	1136	10715	11676
637	181	186	181	1136	181	186	1136	10716	11676
638	182	187	182	1136	182	187	1136	10717	11676
639	180	185	180	1136	180	185	1136	10715	11676
640	180	184	180	1136	180	184	1136	10716	11676
641	182	187	182	1136	182	187	1136	10717	11676
642	183	187	183	1136	183	187	1136	10719	11676
643	184	188	184	1136	184	188	1136	10720	11676
644	184	188	184	1136	184	188	1136	10720	11676
645	185	189	185	1136	185	189	1136	10721	11676
646	186	190	186	1136	186	190	1136	10722	11676
647	186	190	186	1136	186	190	1136	10722	11676
648	188	192	188	1136	188	192	1136	10724	11676
649	188	192	188	1136	188	192	1136	10724	11676
650	188	192	188	1136	188	192	1136	10724	11676
651	189	193	189	1136	189	193	1136	10725	11676
652	189	193	189	1136	189	193	1136	10725	11676
653	190	194	190	1136	190	194	1136	10726	11676
654	194	198	194	1136	194	198	1136	10730	11676
655	193	197	193	1136	193	197	1136	10729	11676
656	195	199	195	1136	195	199	1136	10731	11676
657	195	199	195	1136	195	199	1136	10731	11676
658	195	199	195	1136	195	199	1136	10731	11676
659	195	199	195	1136	195	199	1136	10731	11676
660	195	199	195	1136	195	199	1136	10731	11676
661	195	199	195	1136	195	199	1136	10731	11676
662	195	199	195	1136	195	199	1136	10731	11676
663	196	200	196	1136	196	200	1136	10732	11676
664	196	200	196	1136	196	200	1136	10732	11676
665	197	201	197	1136	197	201	1136	10733	11676
666	199	203	199	1136	199	203	1136	10735	11676
667	199	203	199	1136	199	203	1136	10735	11676
668	199	203	199	1136	199	203	1136	10735	11676
669	198	202	198	1136	198	202	1136	10734	11676
670	198	202	198	1136	198	202	1136	10734	11676
671	198	202	198	1136	198	202	1136	10734	11676
672	198	202	198	1136	198	202	1136	10734	11676
673	198	202	198	1136	198	202	1136	10734	11676
674	198	202	198	1136	198	202	1136	10734	11676
675	200	204	200	1136	200	204	1136	10736	11676
676	201	205	201	1136	201	205	1136	10737	11676
677	201	205	201	1136	201	205	1136	10737	11676
678	201	205	201	1136	201	205	1136	10737	11676
679	202	206	202	1136	202	206	1136	10738	11676
680	202	206	202	1136	202	206	1136	10738	11676
681	202	206	202	1136	202	206	1136	10738	11676
682	201	205	201	1136	201	205	1136	10737	11676
683	202	206	202	1136	202	206	1136	10738	11676
684	202	206	202	1136	202	206	1136	10738	11676
685	202	206	202	1136	202	206	1136	10738	11676
686	204	208	204	1136	204	208	1136	10740	11676
687	203	207	203	1136	203	207	1136	10739	11676
688	205	209	205	1136	205	209	1136	10741	11676
689	206	210	206	1136	206	210	1136	10742	11676
690	208	212	208	1136	208	212	1136	10744	11676
691	208	212	208	1136	208	212	1136	10744	11676
692	206	210	206	1136	206	210	1136	10742	11676
693	206	210	206	1136	206	210	1136	10742	11676
694	205	209	205	1136	205	209	1136	10741	11676
695	207	211	207	1136	207	211	1136	10743	11676
696	207	211	207	1136	207	211	1136	10743	11676
697	207	211	207	1136	207	211	1136	10743	11676
698	206	210	206	1136	206	210	1136	10742	11676
699	208	212	208	1136	208	212	1136	10744	11676
700	208	212	208	1136	208	212	1136	10744	11676
701	208	212	208	1136	208	212	1136	10744	11676
702	211	215	211	1136	211	215	1136	10747	11676
703	211	215	211	1136	211	215	1136	10747	11676
704	211	215	211	1136	211	215	1136	10747	11676
705	212	216	212	1136	212	216	1136	10748	11676
706	212	216	212	1136	212	216	1136	10748	11676
707	212	216	212	1136	212	216	1136	10748	11676
708	211	215	211	1136	211	215	1136	10747	11676
709	211	215	211	1136	211	215	1136	10747	11676
710	211	215	211	1136	211	215	1136	10747	11676
711	211	215	211	1136	211	215	1136	10747	11676
712	212	216	212	1136	212	216	1136	10748	11676
713	213	217	213	1136	213	217	1136	10749	11676
714	213	217	213	1136	213	217	1136	10749	11676
715	214	218	214	1136	214	218	1136	10750	11676
716	215	219	215	1136	215	219	1136	10751	11676
717	216	220	216	1136	216	220	1136	10752	11676
718	218	222	218	1136	218	222	1136	10754	11676
719	218	222	218	1136	218	222	1136	10754	11676
720	218	222	218	1136	218	222	1136	10754	11676
721	217	221	217	1136	217	221	1136	10753	11676
722	218	222	218	1136	218	222	1136	10754	11676
723	218	222	218	1136	218	222	1136	10754	11676
724	219	223	219	1136	219	223	1136	10755	11676
725	221	225	221	1136	221	225	1136	10757	11676
726	221	225	221	1136	221	225	1136	10757	11676
727	221	225	221	1136	221	225	1136	10757	11676
728	221	225	221	1136	221	225	1136	10757	11676
729	221	225	221	1136	221	225	1136	10757	11676
730	224	228	224	1136	224	228	1136	10760	11676
731	224	228	224	1136	224	228	1136	10760	11676
732	224	228	224	1136	224	228	1136	10760	11676
733	225	229	225	1136	225	229	1136	10761	11676
734	225	229	225	1136	225	229	1136	10761	11676
735	226	230	226	1136	226	230	1136	10762	11676
736	226	230	226	1136	226	230	1136	10762	11676
737	226	230	226	1136	226	230	1136	10762	11676
738	227	231	227	1136	227	231	1136	10763	11676
739	226	230	226	1136	226	230	1136	10762	11676
740	226	230	226	1136	226	230	1136	10762	11676
741	226	230	226	1136	226	230	1136	10762	11676
742	227	231	227	1136	227	231	1136	10763	11676
743	227	231	227	1136	227	231	1136	10763	11676
744	227	231	227	1136	227	231	1136	10763	11676
745	227	231	227	1136	227	231	1136	10763	11676
746	227	231	227	1136	227	231	1136	10763	11676
747	227	231	227	1136	227	231	1136	10763	11676
748	227	231	227	1136	227	231	1136	10763	11676
749	228	232	228	1136	228	232	1136	10764	11676
750	228	232	228	1136	228	232	1136	10764	11676
751	228	232	228	1136	228	232	1136	10764	11676
752	228	232	228	1136	228	232	1136	10764	11676
753	228	232	228	1136	228	232	1136	10764	11676
754	228	232	228	1136	228	232	1136	10764	11676
755	228	232	228	1136	228	232	1136	10764	11676
756	229	233	229	1136	229	233	1136	10765	11676
757	229	233	229	1136	229	233	1136	10765	11676
758	229	233	229	1136	229	233	1136	10765	11676
759	229	233	229	1136	229	233	1136	10765	11676
760	228	232	228	1136	228	232	1136	10764	11676
761	228	232	228	1136	228	232	1136	10764	11676
762	229	233	229	1136	229	233	1136	10765	11676
763	229	233	229	1136	229	233	1136	10765	11676
764	230	234	230	1136	230	234	1136	10766	11676
765	230	234	230	1136	230	234	1136	10766	11676
766	230	234	230	1136	230	234	1136	10766	11676
767	230	234	230	1136	230	234	1136	10766	11676
768	230	234	230	1136	230	234	1136	10766	11676
769	231	235	231	1136	231	235	1136	10767	11676
770	230	234	230	1136	230	234	1136	10766	11676
771	231	235	231	1136	231	235	1136	10767	11676
772	232	236	232	1136	232	236	1136	10768	11676
773	233	237	233	1136	233	237	1136	10769	11676
774	233	237	233	1136	233	237	1136	10769	11676
775	233	237	233	1136	233	237	1136	10769	11676
776	234	238	234	1136	234	238	1136	10770	11676
777	235	239	235	1136	235	239	1136	10771	11676
778	235	239	235	1136	235	239	1136	10771	11676
779	236	240	236	1136	236	240	1136	10772	11676
780	236	240	236	1136	236	240	1136	10772	11676
781	236	240	236	1136	236	240	1136	10772	11676
782	239	243	239	1136	239	243	1136	10775	11676
783	239	243	239	1136	239	243	1136	10775	11676
784	239	243	239	1136	239	243	1136	10775	11676
785	240	244	240	1136	240	244	1136	10776	11676
786	241	245	241	1136	241	245	1136	10777	11676
787	241	245	241	1136	241	245	1136	10777	11676
788	241	245	241	1136	241	245	1136	10777	11676
789	242	246	242	1136	242	246	1136	10778	11676
790	243	247	243	1136	243	247	1136	10779	11676
791	243	247	243	1136	243	247	1136	10779	11676
792	244	248	244	1136	244	248	1136	10780	11676
793	244	248	244	1136	244	248	1136	10780	11676
794	244	248	244	1136	244	248	1136	10780	11676
795	244	248	244	1136	244	248	1136	10780	11676
796	245	249	245	1136	245	249	1136	10781	11676
797	244	248	244	1136	244	248	1136	10780	11676
798	246	251	246	1136	246	251	1136	10781	11676
799	247	251	247	1136	247	251	1136	10783	11676
800	247	252	247	1136	247	252	1136	10782	11676
801	249	254	249	1136	249	254	1136	10784	11676
802	249	254	249	1136	249	254	1136	10784	11676
803	249	254	249	1136	249	254	1136	10784	11676
804	250	255	250	1136	250	255	1136	10785	11676
805	250	255	250	1136	250	255	1136	10785	11676
806	250	255	250	1136	250	255	1136	10785	11676
807	250	254	250	1136	250	254	1136	10786	11676
808	251	256	251	1136	251	256	1136	10786	11676
809	250	254	250	1136	250	254	1136	10786	11676
810	250	255	250	1136	250	255	1136	10785	11676
811	252	257	252	1136	252	257	1136	10787	11676
812	252	257	252	1136	252	257	1136	10787	11676
813	252	257	252	1136	252	257	1136	10787	11676
814	252	257	252	1136	252	257	1136	10787	11676
815	251	256	251	1136	251	256	1136	10786	11676
816	251	256	251	1136	251	256	1136	10786	11676
817	251	256	251	1136	251	256	1136	10786	11676
818	251	256	251	1136	251	256	1136	10786	11676
819	251	256	251	1136	251	256	1136	10786	11676
820	251	256	251	1136	251	256	1136	10786	11676
821	251	256	251	1136	251	256	1136	10786	11676
822	251	256	251	1136	251	256	1136	10786	11676
823	252	257	252	1136	252	257	1136	10787	11676
824	252	257	252	1136	252	257	1136	10787	11676
825	252	257	252	1136	252	257	1136	10787	11676
826	252	257	252	1136	252	257	1136	10787	11676
827	252	257	252	1136	252	257	1136	10787	11676
828	252	257	252	1136	252	257	1136	10787	11676
829	252	257	252	1136	252	257	1136	10787	11676
830	252	257	252	1136	252	257	1136	10787	11676
831	252	257	252	1136	252	257	1136	10787	11676
832	252	257	252	1136	252	257	1136	10787	11676
833	252	257	252	1136	252	257	1136	10787	11676
834	252	257	252	1136	252	257	1136	10787	11676
835	252	257	252	1136	252	257	1136	10787	11676
836	252	257	252	1136	252	257	1136	10787	11676
837	252	257	252	1136	252	257	1136	10787	11676
838	252	257	252	1136	252	257	1136	10787	11676
839	252	257	252	1136	252	257	1136	10787	11676
840	252	257	252	1136	252	257	1136	10787	11676
841	252	257	252	1136	252	257	1136	10787	11676
842	252	257	252	1136	252	257	1136	10787	11676
843	254	259	254	1136	254	259	1136	10789	11676
844	254	259	254	1136	254	259	1136	10789	11676
845	254	259	254	1136	254	259	1136	10789	11676
846	254	259	254	1136	254	259	1136	10789	11676
847	254	259	254	1136	254	259	1136	10789	11676
848	253	258	253	1136	253	258	1136	10788	11676
849	254	259	254	1136	254	259	1136	10789	11676
850	253	258	253	1136	253	258	1136	10788	11676
851	253	258	253	1136	253	258	1136	10788	11676
852	253	258	253	1136	253	258	1136	10788	11676
853	253	258	253	1136	253	258	1136	10788	11676
854	253	258	253	1136	253	258	1136	10788	11676
855	253	258	253	1136	253	258	1136	10788	11676
856	253	258	253	1136	253	258	1136	10788	11676
857	253	258	253	1136	253	258	1136	10788	11676
858	253	258	253	1136	253	258	1136	10788	11676
859	253	258	253	1136	253	258	1136	10788	11676
860	251	256	251	1136	251	256	1136	10786	11676
861	252	257	252	1136	252	257	1136	10787	11676
862	252	257	252	1136	252	257	1136	10787	11676
863	251	256	251	1136	251	256	1136	10786	11676
864	252	257	252	1136	252	257	1136	10787	11676
865	253	258	253	1136	253	258	1136	10788	11676
866	253	258	253	1136	253	258	1136	10788	11676
867	253	258	253	1136	253	258	1136	10788	11676
868	253	258	253	1136	253	258	1136	10788	11676
869	253	258	253	1136	253	258	1136	10788	11676
870	253	258	253	1136	253	258	1136	10788	11676
871	253	258	253	1136	253	258	1136	10788	11676
872	253	258	253	1136	253	258	1136	10788	11676
873	253	258	253	1136	253	258	1136	10788	11676
874	253	258	253	1136	253	258	1136	10788	11676
875	253	258	253	1136	253	258	1136	10788	11676
876	256	261	256	1136	256	261	1136	10791	11676
877	257	262	257	1136	257	262	1136	10792	11676
878	255	260	255	1136	255	260	1136	10790	11676
879	256	261	256	1136	256	261	1136	10791	11676
880	257	262	257	1136	257	262	1136	10792	11676
881	256	261	256	1136	256	261	1136	10791	11676
882	255	260	255	1136	255	260	1136	10790	11676
883	257	262	257	1136	257	262	1136	10792	11676
884	256	261	256	1136	256	261	1136	10791	11676
885	256	261	256	1136	256	261	1136	10791	11676
886	257	262	257	1136	257	262	1136	10792	11676
887	257	262	257	1136	257	262	1136	10792	11676
888	257	262	257	1136	257	262	1136	10792	11676
889	257	262	257	1136	257	262	1136	10792	11676
890	258	263	258	1136	258	263	1136	10793	11676
891	257	262	257	1136	257	262	1136	10792	11676
892	258	263	258	1136	258	263	1136	10793	11676
893	260	265	260	1136	260	265	1136	10795	11676
894	260	265	260	1136	260	265	1136	10795	11676
895	260	265	260	1136	260	265	1136	10795	11676
896	260	265	260	1136	260	265	1136	10795	11676
897	260	265	260	1136	260	265	1136	10795	11676
898	261	266	261	1136	261	266	1136	10796	11676
899	261	266	261	1136	261	266	1136	10796	11676
900	261	266	261	1136	261	266	1136	10796	11676
901	261	266	261	1136	261	266	1136	10796	11676
902	262	267	262	1136	262	267	1136	10797	11676
903	261	266	261	1136	261	266	1136	10796	11676
904	261	266	261	1136	261	266	1136	10796	11676
905	260	265	260	1136	260	265	1136	10795	11676
906	260	265	260	1136	260	265	1136	10795	11676
907	262	267	262	1136	262	267	1136	10797	11676
908	261	266	261	1136	261	266	1136	10796	11676
909	261	266	261	1136	261	266	1136	10796	11676
910	261	266	261	1136	261	266	1136	10796	11676
911	261	266	261	1136	261	266	1136	10796	11676
912	261	266	261	1136	261	266	1136	10796	11676
913	261	266	261	1136	261	266	1136	10796	11676
914	261	266	261	1136	261	266	1136	10796	11676
915	262	267	262	1136	262	267	1136	10797	11676
916	264	269	264	1136	264	269	1136	10799	11676
917	264	269	264	1136	264	269	1136	10799	11676
918	263	268	263	1136	263	268	1136	10798	11676
919	264	269	264	1136	264	269	1136	10799	11676
920	265	270	265	1136	265	270	1136	10800	11676
921	265	270	265	1136	265	270	1136	10800	11676
922	265	270	265	1136	265	270	1136	10800	11676
923	265	269	265	1136	265	269	1136	10801	11676
924	266	270	266	1136	266	270	1136	10802	11676
925	266	270	266	1136	266	270	1136	10802	11676
926	268	272	268	1136	268	272	1136	10804	11676
927	267	271	267	1136	267	271	1136	10803	11676
928	267	271	267	1136	267	271	1136	10803	11676
929	267	271	267	1136	267	271	1136	10803	11676
930	267	271	267	1136	267	271	1136	10803	11676
931	267	271	267	1136	267	271	1136	10803	11676
932	269	273	269	1136	269	273	1136	10805	11676
933	269	273	269	1136	269	273	1136	10805	11676
934	270	275	270	1136	270	275	1136	10805	11676
935	270	275	270	1136	270	275	1136	10805	11676
936	270	275	270	1136	270	275	1136	10805	11676
937	270	275	270	1136	270	275	1136	10805	11676
938	270	275	270	1136	270	275	1136	10805	11676
939	270	275	270	1136	270	275	1136	10805	11676
940	270	275	270	1136	270	275	1136	10805	11676
941	272	277	272	1136	272	277	1136	10807	11676
942	271	276	271	1136	271	276	1136	10806	11676
943	274	279	274	1136	274	279	1136	10809	11676
944	273	278	273	1136	273	278	1136	10808	11676
945	273	278	273	1136	273	278	1136	10808	11676
946	272	277	272	1136	272	277	1136	10807	11676
947	273	278	273	1136	273	278	1136	10808	11676
948	273	278	273	1136	273	278	1136	10808	11676
949	273	278	273	1136	273	278	1136	10808	11676
950	273	278	273	1136	273	278	1136	10808	11676
951	273	278	273	1136	273	278	1136	10808	11676
952	275	280	275	1136	275	280	1136	10810	11676
953	275	280	275	1136	275	280	1136	10810	11676
954	279	284	279	1136	279	284	1136	10814	11676
955	279	284	279	1136	279	284	1136	10814	11676
956	282	287	282	1136	282	287	1136	10817	11676
957	284	289	284	1136	284	289	1136	10819	11676
958	284	289	284	1136	284	289	1136	10819	11676
959	284	289	284	1136	284	289	1136	10819	11676
960	284	289	284	1136	284	289	1136	10819	11676
961	284	289	284	1136	284	289	1136	10819	11676
962	283	288	283	1136	283	288	1136	10818	11676
963	282	286	282	1136	282	286	1136	10818	11676
964	284	289	284	1136	284	289	1136	10819	11676
965	284	289	284	1136	284	289	1136	10819	11676
966	284	289	284	1136	284	289	1136	10819	11676
967	284	289	284	1136	284	289	1136	10819	11676
968	285	290	285	1136	285	290	1136	10820	11676
969	287	292	287	1136	287	292	1136	10822	11676
970	288	293	288	1136	288	293	1136	10823	11676
971	289	294	289	1136	289	294	1136	10824	11676
972	289	294	289	1136	289	294	1136	10824	11676
973	289	293	289	1136	289	293	1136	10825	11676
974	290	294	290	1136	290	294	1136	10826	11676
975	290	294	290	1136	290	294	1136	10826	11676
976	290	294	290	1136	290	294	1136	10826	11676
977	290	294	290	1136	290	294	1136	10826	11676
978	290	294	290	1136	290	294	1136	10826	11676
979	290	294	290	1136	290	294	1136	10826	11676
980	291	295	291	1136	291	295	1136	10827	11676
981	291	295	291	1136	291	295	1136	10827	11676
982	292	296	292	1136	292	296	1136	10828	11676
983	292	296	292	1136	292	296	1136	10828	11676
984	293	297	293	1136	293	297	1136	10829	11676
985	292	296	292	1136	292	296	1136	10828	11676
986	294	298	294	1136	294	298	1136	10830	11676
987	292	296	292	1136	292	296	1136	10828	11676
988	294	298	294	1136	294	298	1136	10830	11676
989	292	296	292	1136	292	296	1136	10828	11676
990	291	295	291	1136	291	295	1136	10827	11676
991	292	296	292	1136	292	296	1136	10828	11676
992	293	297	293	1136	293	297	1136	10829	11676
993	294	298	294	1136	294	298	1136	10830	11676
994	294	298	294	1136	294	298	1136	10830	11676
995	294	298	294	1136	294	298	1136	10830	11676
996	294	298	294	1136	294	298	1136	10830	11676
997	295	299	295	1136	295	299	1136	10831	11676
998	298	302	298	1136	298	302	1136	10834	11676
999	297	301	297	1136	297	301	1136	10833	11676
